City,Country,Lat,Lon,Max Temp,Humidity,Cloudiness,Wind Speed,Date
nome,us,64.5,-165.41,48.2,81,90,13.87,1600036035
busselton,au,-33.65,115.33,55.99,59,95,5.93,1600035932
beidao,cn,34.57,105.89,61.38,84,98,1.72,1600036085
saint george,bm,37.1,-113.58,97.0,7,1,11.41,1600036086
jamestown,sh,42.1,-79.24,71.01,77,1,11.41,1600036087
kavaratti,in,10.57,72.64,81.77,79,100,19.08,1600036088
severo-kurilsk,ru,50.68,156.12,50.77,76,3,17.07,1600036089
buritama,br,-21.07,-50.15,84.24,20,0,6.33,1600036090
hilo,us,19.73,-155.09,82.4,61,75,10.29,1600036092
mataura,pf,-46.19,168.86,57.0,84,100,3.0,1600035922
thompson,ca,55.74,-97.86,51.8,57,75,8.05,1600035990
butaritari,ki,3.07,172.79,83.08,75,15,16.24,1600036095
marawi,sd,8.0,124.29,73.99,95,42,5.01,1600036096
ribeira grande,pt,38.52,-28.7,72.55,82,67,17.58,1600036097
albany,au,42.6,-73.97,73.0,80,74,6.11,1600035947
atuona,pf,-9.8,-139.03,78.35,77,1,16.06,1600036099
arraial do cabo,br,-22.97,-42.03,73.4,83,0,23.04,1600036100
necochea,ar,-38.55,-58.74,46.99,84,15,4.0,1600035944
rikitea,pf,-23.12,-134.97,73.92,85,10,14.25,1600035880
tuatapere,nz,-46.13,167.68,57.0,84,97,3.0,1600036105
norman wells,ca,65.28,-126.83,44.6,52,20,3.36,1600036106
zhenlai,cn,45.85,123.3,57.6,88,80,4.56,1600036107
culiacan,mx,24.8,-107.39,86.0,100,75,9.17,1600036012
bambanglipuro,id,-7.95,110.28,73.83,87,69,5.3,1600036109
pemangkat,id,1.17,108.97,76.33,88,100,6.51,1600036110
srednekolymsk,ru,67.45,153.68,47.35,65,0,5.64,1600036111
taoudenni,ml,22.68,-3.98,104.52,11,36,9.75,1600036113
avarua,ck,-21.21,-159.78,75.2,64,97,9.17,1600036114
sao joao da barra,br,-21.64,-41.05,75.2,78,0,18.34,1600035816
ugoofaaru,mv,5.67,73.0,82.26,76,100,10.33,1600036116
torbay,ca,47.67,-52.73,59.0,76,90,8.05,1600036117
port alfred,za,-33.59,26.89,58.44,64,0,9.04,1600036118
la palma,pa,33.85,-118.05,89.01,45,1,4.7,1600035838
agua verde,mx,22.9,-106.05,89.01,74,20,8.05,1600036120
herat,af,34.5,62.0,54.52,37,0,9.17,1600036122
kapaa,us,22.08,-159.32,86.0,58,20,10.29,1600036123
castro,cl,-24.79,-50.01,69.91,47,8,5.21,1600036123
chokurdakh,ru,70.63,147.92,48.02,64,50,4.05,1600036125
nikolskoye,ru,59.7,30.79,55.0,81,20,11.18,1600036081
along,in,28.17,94.77,73.4,89,100,0.47,1600036127
barrow,us,71.29,-156.79,41.0,86,90,18.34,1600036129
bengkulu,id,-3.8,102.27,74.48,89,60,4.41,1600036131
puerto cabezas,ni,14.04,-83.39,78.8,94,40,6.93,1600036132
baruun-urt,mn,46.68,113.28,41.61,66,0,7.87,1600036133
bundaberg,au,-24.85,152.35,68.0,82,14,8.05,1600035991
port augusta,au,-32.5,137.77,53.6,87,40,11.41,1600035906
hobart,au,-42.88,147.33,50.0,53,40,18.34,1600035990
cayenne,gf,4.93,-52.33,82.4,78,1,8.05,1600036138
roseburg,us,43.22,-123.34,71.6,46,90,5.84,1600036139
yulara,au,-25.24,130.99,62.6,45,0,11.41,1600036140
nalut,ly,30.33,10.85,74.46,56,0,10.85,1600036141
bluff,nz,-46.6,168.33,57.0,84,100,3.0,1600036143
butembo,cd,0.15,29.28,57.22,97,1,1.3,1600036144
san patricio,mx,19.22,-104.7,91.4,70,40,11.41,1600036146
belyy,ru,55.84,32.94,47.05,91,10,7.09,1600036147
matara,lk,5.95,80.54,77.36,87,94,10.13,1600036149
launceston,au,-41.45,147.17,50.0,57,62,21.92,1600036150
deer lake,ca,49.17,-57.43,59.0,72,75,11.41,1600036151
carnarvon,au,-24.87,113.63,60.8,100,0,5.82,1600036152
santo tomas,pe,14.11,121.14,82.4,78,40,1.12,1600036153
buraydah,sa,26.33,43.98,82.4,26,0,3.36,1600036155
coahuayana,mx,18.73,-103.68,84.2,66,75,8.05,1600036156
beira,mz,-19.84,34.84,69.01,94,20,6.93,1600036157
oistins,bb,13.07,-59.53,84.2,79,20,11.41,1600035898
kodiak,us,57.79,-152.41,57.2,47,1,4.7,1600036159
georgetown,sh,5.41,100.34,78.8,94,20,4.7,1600036003
hermanus,za,-34.42,19.23,55.0,72,27,7.0,1600036161
hashtrud,ir,37.48,47.05,62.64,55,0,2.86,1600036162
mar del plata,ar,-38.0,-57.56,51.01,71,94,6.93,1600036151
hofn,is,64.25,-15.21,44.92,74,100,7.31,1600036165
puerto ayora,ec,-0.74,-90.35,75.2,60,20,20.8,1600036166
port elizabeth,za,-33.92,25.57,55.4,66,0,6.93,1600036167
antalaha,mg,-14.9,50.28,68.41,82,38,9.82,1600036168
port blair,in,11.67,92.75,81.79,78,98,12.1,1600036169
sao filipe,cv,14.9,-24.5,78.94,81,95,9.91,1600036171
cururupu,br,-1.83,-44.87,76.14,82,7,3.69,1600036173
olafsvik,is,64.89,-23.71,46.35,77,99,12.12,1600036174
angol,cl,-37.8,-72.72,57.2,44,20,17.22,1600036175
newport,us,51.59,-3.0,59.0,92,0,5.73,1600036176
mount isa,au,-20.73,139.5,77.0,29,0,10.29,1600036177
bambous virieux,mu,-20.34,57.76,71.6,73,75,8.05,1600036178
liverpool,ca,53.41,-2.98,60.8,87,0,3.36,1600036048
turukhansk,ru,65.82,87.98,53.91,94,100,14.94,1600036181
new norfolk,au,-42.78,147.06,48.0,66,34,5.01,1600036182
vaini,to,-21.2,-175.2,73.4,64,40,10.29,1600036183
puerto baquerizo moreno,ec,-0.9,-89.6,66.6,85,98,9.44,1600036184
cidreira,br,-30.18,-50.21,63.84,94,52,8.01,1600036048
ormara,pk,25.21,64.64,83.53,71,31,7.56,1600036186
ponta do sol,cv,32.67,-17.1,69.8,83,20,5.82,1600036187
leon,ni,21.12,-101.67,77.0,50,40,6.93,1600036134
tuktoyaktuk,ca,69.45,-133.04,41.0,86,90,32.21,1600036190
vyazma,ru,55.21,34.3,48.34,90,78,8.52,1600036191
bageshwar,in,29.85,79.77,69.84,75,15,1.72,1600036192
krasnoselkup,ru,65.7,82.47,52.29,92,100,8.97,1600036193
provideniya,ru,64.38,-173.3,48.2,87,90,17.9,1600036194
bethel,us,41.37,-73.41,72.0,73,75,5.82,1600036195
point pleasant,us,40.08,-74.07,75.0,94,90,5.82,1600036196
cape town,za,-33.93,18.42,55.0,81,75,11.41,1600036198
hithadhoo,mv,-0.6,73.08,81.28,69,80,5.17,1600036200
shingu,jp,33.73,135.98,75.51,69,59,2.98,1600036201
zhangye,cn,38.93,100.45,55.69,39,0,0.92,1600036203
lawrenceville,us,33.96,-83.99,82.4,69,20,11.41,1600036141
vila velha,br,-20.33,-40.29,75.2,78,40,9.17,1600036101
saint-pierre,pm,-21.34,55.48,68.0,72,7,5.82,1600036208
maxixe,mz,-23.86,35.35,68.5,83,4,8.43,1600036210
cherskiy,ru,68.75,161.3,49.3,57,0,8.32,1600036211
tasiilaq,gl,65.61,-37.64,35.6,69,93,4.7,1600036212
khash,ir,28.22,61.22,61.86,29,0,8.16,1600036214
pandan,ph,14.05,124.17,83.48,76,96,5.68,1600036216
fortuna,us,40.6,-124.16,64.99,82,1,8.05,1600036217
urumqi,cn,43.8,87.6,57.2,44,1,6.71,1600036218
sangar,ru,63.92,127.47,44.13,90,13,13.22,1600036219
longyearbyen,sj,78.22,15.64,35.6,87,75,8.05,1600036220
lorengau,pg,-2.02,147.27,83.17,81,96,12.1,1600036222
cabo san lucas,mx,22.89,-109.91,87.01,70,40,8.05,1600036202
rawson,ar,-43.3,-65.1,47.32,57,0,3.53,1600036225
shitanjing,cn,39.23,106.34,56.12,64,59,5.01,1600036226
leningradskiy,ru,69.38,178.42,42.75,79,100,2.53,1600036020
geraldton,au,-28.77,114.6,64.4,31,0,14.99,1600036228
chara,ru,56.91,118.26,56.53,70,88,3.36,1600036229
rocha,uy,-34.48,-54.33,52.79,95,69,7.87,1600036231
alofi,nu,-19.06,-169.92,75.2,60,75,18.34,1600036232
vestmannaeyjar,is,63.44,-20.27,47.48,83,100,24.63,1600036115
nouadhibou,mr,20.93,-17.03,80.6,74,71,14.99,1600035976
bagdarin,ru,54.43,113.6,49.14,91,97,7.43,1600036236
maun,bw,-19.98,23.42,62.6,36,0,2.24,1600036237
maniitsoq,gl,65.42,-52.9,36.77,74,0,6.6,1600036238
lerwick,gb,60.15,-1.15,51.8,93,75,9.17,1600036053
agadez,ne,19.75,10.25,92.82,12,1,10.0,1600036110
tiznit,ma,29.58,-9.5,76.77,53,100,2.24,1600036242
ambon,id,-3.7,128.18,73.4,94,20,3.36,1600036243
hay river,ca,60.82,-115.8,41.0,65,75,8.05,1600036244
port-cartier,ca,50.03,-66.87,52.0,93,90,8.05,1600036245
saldanha,za,-33.01,17.94,55.4,82,87,4.7,1600036061
gat,ly,31.61,34.76,81.0,100,0,4.05,1600036248
jiamusi,cn,46.83,130.35,55.54,93,100,3.42,1600036249
birao,cf,10.28,22.79,70.25,93,80,2.13,1600036250
ruwi,om,23.6,58.55,77.0,94,20,2.24,1600036251
kota belud,my,6.35,116.43,75.2,94,20,2.24,1600036253
upata,ve,8.01,-62.4,75.97,82,35,2.13,1600036254
darnah,ly,32.77,22.64,74.88,79,0,9.44,1600036255
kortkeros,ru,61.81,51.58,51.8,93,75,6.71,1600036256
clyde river,ca,70.47,-68.59,39.2,69,90,8.05,1600036257
korla,cn,41.76,86.15,68.0,71,0,5.01,1600036259
camacha,pt,33.08,-16.33,73.4,83,40,9.17,1600036260
lebu,cl,-37.62,-73.65,50.25,71,0,18.86,1600036077
upernavik,gl,72.79,-56.15,31.93,95,98,7.76,1600036262
haines junction,ca,60.75,-137.51,49.64,46,65,3.96,1600036263
gigmoto,ph,13.78,124.39,83.19,76,98,5.3,1600036264
banepa,np,27.63,85.52,69.8,100,40,2.24,1600036265
sistranda,no,63.73,8.83,48.2,93,75,20.8,1600036268
puerto carreno,co,6.19,-67.49,82.4,80,93,0.89,1600036269
davidson,ca,36.15,-86.78,75.2,88,90,3.36,1600036248
zalantun,cn,48.0,122.72,54.14,83,87,2.21,1600036271
verkhnya syrovatka,ua,50.83,34.96,60.94,69,100,7.96,1600036272
phonhong,la,18.5,102.42,75.22,91,100,2.21,1600036273
tulum,mx,20.22,-87.47,89.6,62,75,5.82,1600036275
kaoma,zm,-14.78,24.8,61.92,33,2,4.32,1600036278
pszczyna,pl,49.98,18.95,63.0,2,6,1.99,1600036279
lompoc,us,34.64,-120.46,68.0,68,1,13.87,1600036280
praia da vitoria,pt,38.73,-27.07,72.0,88,40,11.43,1600036281
waling,np,27.98,83.77,70.72,88,63,2.13,1600036283
ardakan,ir,32.31,54.02,69.8,19,0,6.93,1600036284
marau,br,-28.45,-52.2,68.04,80,24,1.7,1600036285
boo,se,59.33,18.28,55.99,100,98,4.7,1600036286
marsh harbour,bs,26.54,-77.06,83.73,70,100,7.85,1600036287
daru,pg,-9.08,143.21,77.7,73,85,12.19,1600036288
thinadhoo,mv,0.53,72.93,82.33,69,96,6.15,1600036289
hobyo,so,5.35,48.53,79.07,75,79,21.09,1600036291
alice springs,au,-23.7,133.88,62.6,55,0,9.17,1600036261
leh,in,34.17,77.58,51.08,43,0,4.47,1600036293
sindor,ru,62.86,51.89,48.51,96,100,7.78,1600036294
wala,pa,4.58,12.32,68.25,97,95,4.79,1600036295
bad salzdetfurth,de,52.06,10.01,60.01,88,90,4.0,1600036296
pringsewu,id,-5.36,104.97,73.31,92,94,4.23,1600036297
east london,za,-33.02,27.91,61.83,57,41,6.71,1600036299
clinton,us,42.59,-82.92,73.99,60,40,12.75,1600036140
buluang,ph,13.31,123.34,79.43,86,94,2.71,1600036301
poronaysk,ru,49.22,143.12,55.6,61,0,0.31,1600036302
aksu,kz,41.12,80.26,66.92,34,62,4.21,1600036303
inhambane,mz,-23.86,35.38,69.19,82,4,9.26,1600036304
christchurch,nz,-43.53,172.63,66.2,42,98,11.41,1600036087
tapiramuta,br,-11.85,-40.79,63.45,92,46,8.68,1600036306
avera,pf,33.19,-82.53,82.99,72,75,5.82,1600036308
mahebourg,mu,-20.41,57.7,71.6,73,75,8.05,1600036309
yarkovo,ru,57.4,67.08,44.47,94,91,1.77,1600036310
kalmunai,lk,7.42,81.82,79.52,75,99,4.27,1600036311
ravar,ir,31.27,56.81,64.69,27,0,7.87,1600036312
helong,cn,42.54,129.0,53.33,85,98,2.44,1600036314
kuching,my,1.55,110.33,75.2,100,40,3.78,1600036316
mirnyy,ru,62.54,113.96,39.2,100,11,2.68,1600036317
itarema,br,-2.92,-39.92,78.35,76,48,17.29,1600036318
juneau,us,58.3,-134.42,62.6,23,1,16.11,1600036319
airai,pw,-8.93,125.41,63.61,54,6,4.68,1600036320
kudahuvadhoo,mv,2.67,72.89,82.18,74,100,8.63,1600036322
samarai,pg,-10.62,150.67,78.33,81,74,8.72,1600036325
maceio,br,-9.67,-35.74,71.6,88,20,4.7,1600036326
kazachinskoye,ru,57.7,93.28,44.33,93,74,2.28,1600036327
pauri,in,30.15,78.78,62.98,98,1,2.04,1600036328
ingersoll,ca,43.03,-80.88,70.0,68,40,11.41,1600036198
atar,mr,20.52,-13.05,97.0,18,20,4.88,1600036330
saint-philippe,re,-21.36,55.77,68.0,72,43,5.82,1600036332
misratah,ly,32.38,15.09,79.65,73,1,11.56,1600036333
whitehorse,ca,60.72,-135.05,50.0,39,40,8.05,1600036067
pangkalanbuun,id,-2.68,111.62,74.61,93,100,1.81,1600036335
dubti,et,11.74,41.09,91.09,41,0,2.39,1600036336
hauterive,ca,46.09,3.45,69.8,56,0,2.24,1600036337
kijang,id,35.24,129.21,66.2,88,75,2.24,1600036339
hirara,jp,24.8,125.28,78.8,94,75,2.24,1600036341
victoria,sc,22.29,114.16,80.01,88,72,11.01,1600036116
kishanganj,in,26.12,87.93,79.92,88,99,3.62,1600036344
huarmey,pe,-10.07,-78.15,63.03,79,17,10.42,1600036345
brenham,us,30.17,-96.4,84.2,74,40,10.29,1600036347
sisimiut,gl,66.94,-53.67,34.32,85,9,2.51,1600036348
munster,de,51.96,7.63,59.0,100,59,4.61,1600036349
mehamn,no,71.04,27.85,48.2,87,75,11.41,1600036351
harper,lr,4.38,-7.72,76.64,88,84,10.36,1600036352
kungurtug,ru,50.6,97.52,32.77,92,99,2.13,1600036353
minot,us,48.23,-101.3,62.6,33,1,6.93,1600036302
hami,cn,42.8,93.45,65.17,23,100,9.93,1600036355
mayumba,ga,-3.43,10.66,74.91,85,91,7.11,1600036357
tezu,in,27.92,96.17,74.12,86,99,3.47,1600036358
grafing,de,48.05,11.97,57.0,92,81,1.01,1600036359
banjar,id,-8.19,114.97,78.8,83,40,5.82,1600036360
shwebo,mm,22.57,95.7,76.39,94,100,4.36,1600036361
bredasdorp,za,-34.53,20.04,55.4,62,33,18.34,1600036362
chimoio,mz,-19.12,33.48,66.0,100,75,5.82,1600036363
bahia honda,cu,22.9,-83.16,81.63,80,100,7.14,1600036365
henties bay,na,-22.12,14.28,55.99,84,0,5.01,1600036366
lavrentiya,ru,65.58,-171.0,42.58,94,100,17.05,1600036367
port hardy,ca,50.7,-127.42,57.2,87,90,2.24,1600036368
kempsey,au,-31.08,152.83,64.99,84,0,1.99,1600036369
kerrville,us,30.05,-99.14,89.6,46,40,10.29,1600036078
petropavlovsk-kamchatskiy,ru,53.05,158.65,51.8,57,4,11.18,1600036263
cockburn town,tc,21.46,-71.14,84.2,70,40,6.93,1600036372
aksarka,ru,66.56,67.8,43.81,90,98,10.25,1600036374
adrar,dz,20.5,-10.07,99.34,14,54,8.21,1600036375
las choapas,mx,17.93,-94.08,86.0,70,75,10.45,1600036376
poum,nc,-20.23,164.02,73.26,72,0,10.65,1600036377
ambilobe,mg,-13.2,49.05,66.61,81,34,3.87,1600036293
katsuura,jp,35.13,140.3,73.0,94,75,4.7,1600036379
touros,br,-5.2,-35.46,75.2,83,15,9.17,1600036380
egvekinot,ru,66.32,-179.17,37.62,96,100,11.65,1600036382
oktyabrskiy,ru,54.48,53.47,48.63,74,21,8.77,1600036383
komsomolskiy,ru,40.43,71.72,62.6,48,0,6.93,1600036384
sheoganj,in,25.15,73.07,80.22,72,93,5.41,1600036385
rolla,us,37.95,-91.77,73.4,56,40,6.93,1600036386
buriti alegre,br,-18.14,-49.04,72.41,29,0,5.26,1600036387
vao,nc,-22.67,167.48,69.39,81,66,18.97,1600036388
aklavik,ca,68.22,-135.01,41.0,65,90,8.05,1600036390
pirovskoye,ru,57.63,92.27,43.47,94,65,1.81,1600036391
ahuimanu,us,21.44,-157.84,86.0,54,20,10.29,1600036394
acarau,br,-2.89,-40.12,78.33,76,31,18.86,1600036395
sobolevo,ru,54.43,31.9,48.85,91,51,8.7,1600036396
santa isabel do rio negro,br,-0.41,-65.02,81.79,68,86,3.18,1600036397
khatanga,ru,71.97,102.5,44.83,70,0,5.37,1600036399
boa vista,br,2.82,-60.67,84.2,62,40,10.29,1600036385
charters towers,au,-20.1,146.27,70.97,58,0,14.34,1600036402
bethanien,na,-26.5,17.16,46.11,65,0,2.46,1600036403
lasa,cn,46.62,10.7,59.0,87,5,3.36,1600036404
bam,ir,29.11,58.36,71.94,19,0,12.03,1600036406
quatre cocos,mu,-20.21,57.76,71.6,73,75,8.05,1600036407
tura,ru,25.52,90.22,73.81,98,100,5.32,1600036409
saint-joseph,re,-21.37,55.62,68.0,72,24,5.82,1600036410
vazante,br,-17.99,-46.91,70.2,25,0,3.02,1600036411
verkhnyaya inta,ru,65.98,60.31,48.56,78,100,15.52,1600036412
asyut,eg,27.18,31.18,82.4,42,0,11.41,1600036413
shache,cn,38.42,77.24,63.03,30,100,5.53,1600036415
vieques,us,18.43,-65.83,87.8,62,40,5.82,1600036416
aasiaat,gl,68.71,-52.87,24.78,93,0,11.77,1600036417
lichuan,cn,30.3,108.85,57.33,98,100,2.06,1600036419
seoul,kr,37.57,126.98,62.6,100,1,3.53,1600036420
telfs,at,47.3,11.07,59.0,82,72,4.7,1600036421
papillion,us,41.15,-96.04,81.0,44,1,4.7,1600036288
ucluelet,ca,48.93,-125.55,60.01,87,90,4.7,1600036333
laje,br,-10.18,-40.97,71.85,63,55,11.72,1600036424
cedar city,us,37.68,-113.06,86.0,5,1,13.15,1600036254
saskylakh,ru,71.92,114.08,46.78,76,100,4.99,1600036426
college,us,64.86,-147.8,53.6,50,20,3.36,1600036427
itoigawa,jp,37.03,137.85,71.01,84,58,3.0,1600036429
nanortalik,gl,60.14,-45.24,37.63,75,0,6.02,1600036431
port-gentil,ga,-0.72,8.78,77.0,88,20,13.13,1600036432
padang,id,-0.95,100.35,77.83,70,95,3.04,1600036434
pisco,pe,-13.7,-76.22,66.2,72,4,16.11,1600036435
roebourne,au,-20.78,117.13,79.11,29,19,16.24,1600036436
borovskoy,kz,53.8,64.15,46.58,93,19,6.15,1600036438
lagoa,pt,39.05,-27.98,72.3,82,86,23.91,1600036439
sitka,us,57.05,-135.33,62.6,45,1,6.93,1600036395
codrington,ag,-38.27,141.97,52.56,85,4,8.97,1600036441
salinas,ec,36.68,-121.66,66.99,68,1,12.75,1600036353
havelock,us,34.88,-76.9,82.0,83,75,3.36,1600036443
batken,kg,39.83,71.0,46.8,54,0,1.05,1600036444
barentu,er,15.11,37.59,74.84,77,43,5.46,1600036446
tapejara,br,-28.07,-52.01,68.52,63,1,4.05,1600036363
rakaia,nz,-43.75,172.02,64.99,49,45,3.0,1600036448
zachary,us,30.65,-91.16,93.2,49,1,8.05,1600036449
korem,et,12.51,39.52,55.65,75,7,1.3,1600036450
umm kaddadah,sd,13.6,26.69,79.57,57,99,5.19,1600036451
bathsheba,bb,13.22,-59.52,84.2,79,20,11.41,1600036452
taltal,cl,-25.4,-70.48,57.42,76,36,4.23,1600036454
formosa,br,-26.18,-58.18,84.2,54,96,14.99,1600036394
gravdal,no,68.12,13.5,50.05,77,19,17.81,1600036456
santa maria,cv,-29.68,-53.81,66.2,93,75,11.41,1600036457
presidente medici,br,-11.18,-61.9,89.33,29,36,3.2,1600036458
prado,br,-17.34,-39.22,72.9,85,46,10.22,1600036459
turayf,sa,31.67,38.66,80.6,34,0,11.41,1600036460
pevek,ru,69.7,170.31,43.45,81,96,8.59,1600036461
dingle,ie,11.0,122.67,79.43,90,82,4.9,1600036463
ushuaia,ar,-54.8,-68.3,44.6,56,75,17.22,1600036244
dabhol,in,17.6,73.17,75.29,91,100,0.58,1600036466
caravelas,br,-17.71,-39.25,72.95,83,59,8.39,1600036467
kavieng,pg,-2.57,150.8,84.78,71,45,13.0,1600036215
la tuque,ca,47.43,-72.78,60.62,94,94,10.8,1600036469
progreso,mx,21.28,-89.67,86.0,70,75,9.17,1600036470
japura,br,-0.32,102.35,72.59,96,100,1.41,1600036473
jibuti,dj,11.5,42.5,91.4,63,1,4.7,1600036474
klaksvik,fo,62.23,-6.59,44.6,93,96,4.7,1600036475
bhanpuri,in,21.1,80.92,77.27,86,86,4.85,1600036477
findochty,gb,57.7,-2.9,64.0,77,69,17.22,1600036478
chuy,uy,-33.7,-53.46,56.08,97,94,6.93,1600036481
margate,za,51.38,1.39,64.99,94,0,1.01,1600036308
chabahar,ir,25.29,60.64,80.6,78,0,2.62,1600036483
bubaque,gw,11.28,-15.83,80.62,86,71,16.6,1600036484
suntar,ru,62.14,117.63,43.21,86,0,1.99,1600036485
vostok,ru,46.49,135.88,49.23,64,100,3.4,1600036486
flin flon,ca,54.77,-101.86,53.6,46,40,6.93,1600036205
tual,id,-5.67,132.75,78.82,78,99,22.57,1600036488
thouars,fr,46.98,-0.22,66.0,60,0,5.41,1600036491
nyurba,ru,63.28,118.33,42.24,87,0,2.28,1600036492
sorland,no,67.67,12.69,51.22,75,16,23.71,1600036493
svetlogorsk,ru,52.63,29.73,53.17,84,100,7.54,1600036494
sakaraha,mg,-22.9,44.53,69.03,60,22,5.93,1600036495
batemans bay,au,-35.72,150.18,48.99,87,76,0.85,1600036496
gazojak,tm,41.19,61.4,65.64,27,0,7.34,1600036497
awbari,ly,26.59,12.78,79.23,28,0,4.12,1600036499
benjamin constant,br,-4.38,-70.03,91.4,66,75,4.7,1600036500
makokou,ga,0.57,12.86,70.2,96,100,3.27,1600036501
faanui,pf,-16.48,-151.75,78.28,75,75,8.75,1600036502
malanje,ao,-9.54,16.34,70.03,59,18,6.04,1600036503
zanesville,us,39.94,-82.01,77.0,78,1,5.82,1600036504
antofagasta,cl,-23.65,-70.4,57.2,82,75,13.87,1600036505
pavilosta,lv,56.89,21.19,62.6,88,99,20.8,1600036507
sibolga,id,1.74,98.78,76.44,77,96,2.82,1600036508
coihaique,cl,-45.58,-72.07,46.4,52,75,8.05,1600036509
vila franca do campo,pt,37.72,-25.43,71.6,83,40,10.29,1600036510
moron,cu,-34.65,-58.62,66.0,51,0,8.05,1600036511
ostrovnoy,ru,68.05,39.51,48.09,94,99,5.61,1600036513
magadan,ru,59.57,150.8,54.59,52,0,8.32,1600036515
yershov,ru,51.35,48.28,55.58,45,25,10.2,1600036516
uyskoye,ru,54.38,60.0,42.28,83,49,2.68,1600036517
yarmouth,ca,41.71,-70.23,70.0,77,20,5.82,1600036518
hearst,ca,49.68,-83.67,45.23,65,97,10.4,1600036519
dikson,ru,73.51,80.55,44.04,97,78,19.17,1600036384
esperance,au,-33.87,121.9,48.2,100,41,13.87,1600036521
riyadh,sa,24.69,46.72,87.8,22,6,3.36,1600036524
richards bay,za,-28.78,32.04,72.09,63,0,8.5,1600036525
darhan,mn,49.49,105.92,43.45,85,100,5.82,1600036526
wabana,ca,47.63,-52.95,57.99,76,90,8.05,1600036528
caibarien,cu,22.52,-79.47,86.0,74,75,9.17,1600036529
belaya gora,ru,68.53,146.42,51.85,47,53,8.59,1600036530
bull savanna,jm,17.89,-77.59,79.79,81,99,7.65,1600036531
aykhal,ru,66.0,111.5,39.2,93,0,4.47,1600036533
xuddur,so,4.12,43.89,73.31,75,23,15.23,1600036534
yellowknife,ca,62.46,-114.35,39.0,55,75,10.29,1600036535
broken hill,au,-31.95,141.43,50.0,71,0,16.11,1600036536
hasaki,jp,35.73,140.83,69.8,100,75,4.7,1600036537
constitucion,mx,-35.33,-72.42,54.55,63,0,12.84,1600036538
omsukchan,ru,62.53,155.8,44.1,66,83,10.33,1600036539
cheney,us,47.49,-117.58,69.8,45,90,5.82,1600036273
husavik,is,66.04,-17.34,44.6,75,90,4.7,1600036543
emerald,au,-23.53,148.17,68.0,64,1,5.82,1600036544
kushiro,jp,42.98,144.37,51.8,87,75,5.82,1600036362
arak,ir,34.09,49.69,55.04,41,0,1.63,1600036548
amga,ru,60.9,131.96,53.74,80,100,8.23,1600036549
dutlwe,bw,-23.98,23.9,64.17,28,0,10.89,1600036551
gwadar,pk,25.12,62.33,81.95,73,0,6.29,1600036354
sokoni,tz,-6.43,39.55,77.0,88,20,9.91,1600036553
te anau,nz,-45.42,167.72,52.59,84,93,7.63,1600036554
xai-xai,mz,-25.05,33.64,67.17,80,0,10.38,1600036555
verkhnevilyuysk,ru,63.45,120.32,41.63,93,0,4.47,1600036556
paita,pe,-5.09,-81.11,63.32,83,11,16.58,1600036557
manitouwadge,ca,49.12,-85.84,59.0,47,75,13.87,1600036558
talnakh,ru,69.49,88.4,50.0,93,93,11.18,1600036560
deputatskiy,ru,69.3,139.9,42.21,69,100,5.19,1600036561
havoysund,no,71.0,24.66,48.2,87,75,11.41,1600036562
karratha,au,-20.74,116.85,79.25,27,18,16.11,1600036563
lyuban,ru,52.8,28.0,51.53,89,70,6.51,1600036564
archidona,ec,37.1,-4.39,75.99,82,94,6.69,1600036566
gberia fotombu,sl,9.88,-11.17,71.31,97,100,3.98,1600036568
caluquembe,ao,-13.78,14.68,56.79,70,0,4.0,1600036569
gashua,ng,12.87,11.05,81.88,61,52,7.72,1600036570
kodinsk,ru,58.69,99.18,42.26,93,100,3.4,1600036571
kinablangan,ph,7.69,126.55,80.49,71,100,3.0,1600036572
faya,td,18.39,42.45,71.6,15,19,5.37,1600036574
ganganagar,in,29.92,73.88,85.59,43,18,6.42,1600036575
newcastle,au,-32.93,151.78,70.0,67,1,11.41,1600036458
gornopravdinsk,ru,60.05,69.9,42.13,92,87,3.22,1600036577
obsharovka,ru,53.12,48.85,54.75,55,56,11.1,1600036578
ovalle,cl,-30.6,-71.2,64.99,48,0,2.57,1600036579
imbituba,br,-28.24,-48.67,71.6,83,0,9.17,1600036581
araouane,ml,18.9,-3.53,100.42,14,3,7.78,1600036582
hanover,us,52.37,9.73,59.0,93,99,1.12,1600036583
miracema do tocantins,br,-9.56,-48.4,82.56,23,1,5.41,1600036584
barra do corda,br,-5.5,-45.25,83.52,29,26,4.12,1600036586
elizabeth city,us,36.29,-76.25,78.01,87,33,8.14,1600036587
nizwa,om,22.93,57.53,84.06,31,6,1.28,1600036588
koutsouras,gr,35.03,25.95,78.01,69,14,10.0,1600036589
aksay,kz,47.26,39.87,55.4,43,0,4.72,1600036590
umba,ru,66.69,34.34,47.5,82,100,11.1,1600036385
plettenberg bay,za,-34.05,23.37,55.11,59,0,9.69,1600036593
ayan,ru,56.45,138.17,60.1,77,0,2.75,1600036594
pangnirtung,ca,66.15,-65.71,37.87,74,61,2.95,1600036595
gizo,sb,-8.1,156.84,83.48,71,10,5.73,1600036596
ancud,cl,-41.87,-73.82,45.64,73,23,5.64,1600036597
anloga,gh,5.79,0.9,77.0,83,40,9.17,1600036598
obo,cf,5.4,26.49,69.22,93,94,1.57,1600036602
poso,id,-1.4,120.75,76.23,82,100,1.28,1600036603
namatanai,pg,-3.67,152.43,84.02,71,4,8.66,1600036604
pervomayskoye,ru,43.92,46.71,61.63,88,0,6.89,1600036605
kenora,ca,49.82,-94.43,57.0,50,75,9.17,1600036606
ilulissat,gl,69.22,-51.1,28.4,58,0,7.09,1600036607
bairiki,ki,1.33,172.98,86.0,66,40,10.29,1600036609
viransehir,tr,37.24,39.76,81.36,28,0,11.54,1600036610
osypenko,ua,46.91,36.83,70.0,100,0,7.0,1600036611
taian,cn,36.19,117.12,75.0,70,100,2.08,1600036547
portland,au,45.52,-122.68,64.4,77,90,3.04,1600036372
eyl,so,7.98,49.82,79.61,72,8,18.97,1600036614
moissac,fr,44.1,1.09,75.99,63,0,8.05,1600036615
whitianga,nz,-36.83,175.7,61.0,69,21,8.01,1600036617
nuuk,gl,64.18,-51.72,39.0,47,0,5.82,1600036618
aracaju,br,-10.91,-37.07,75.2,83,20,8.05,1600036541
half moon bay,us,37.46,-122.43,73.0,82,1,8.05,1600036418
manokwari,id,-0.87,134.08,81.73,73,100,0.27,1600036621
batagay,ru,67.63,134.63,46.56,80,100,7.65,1600036622
fort nelson,ca,58.81,-122.7,42.8,75,90,5.82,1600036623
kamenka,ru,51.32,42.77,57.16,41,73,10.4,1600036625
souillac,mu,-20.52,57.52,71.6,73,75,8.05,1600036627
yar-sale,ru,66.83,70.83,44.31,89,54,9.26,1600036391
innisfail,au,-17.53,146.03,63.0,92,82,4.0,1600036629
kuala kedah,my,6.1,100.3,78.8,88,20,3.36,1600036630
balkhash,kz,46.84,74.98,61.47,55,73,8.79,1600036631
rio grande,br,-32.03,-52.1,64.0,97,88,5.01,1600036632
numan,ng,9.47,12.03,73.63,92,100,2.89,1600036633
san policarpo,ph,12.18,125.51,82.2,82,96,6.31,1600036634
mezen,ru,65.85,44.24,47.05,95,95,7.18,1600036636
praia,cv,14.92,-23.51,78.91,82,63,8.79,1600036637
tautira,pf,-17.73,-149.15,84.2,66,20,13.87,1600036638
zhovkva,ua,50.06,23.97,55.4,100,54,3.74,1600036640
yinchuan,cn,38.47,106.27,60.42,70,60,3.38,1600036641
santa rosalia,mx,27.32,-112.28,87.91,32,0,6.33,1600036642
saurimo,ao,-9.66,20.39,69.26,30,0,2.13,1600036644
djibo,bf,14.1,-1.63,86.22,59,64,14.14,1600036645
tefe,br,-3.35,-64.71,91.4,59,20,3.36,1600036646
srandakan,id,-7.94,110.25,74.5,85,66,5.46,1600036647
pyapon,mm,16.28,95.68,78.73,91,100,1.86,1600036648
qaanaaq,gl,77.48,-69.36,21.4,78,7,8.19,1600036649
bafra,tr,41.57,35.91,73.4,78,75,1.12,1600036651
guane,cu,22.2,-84.09,81.5,84,100,4.83,1600036652
ponto novo,br,-10.86,-40.13,74.05,66,78,12.39,1600036653
laguna,br,38.42,-121.42,91.0,29,90,9.78,1600036654
fare,pf,-16.7,-151.02,79.0,76,56,9.66,1600036656
chapais,ca,49.78,-74.85,55.4,100,90,10.29,1600036657
san andres,co,12.58,-81.7,80.6,78,90,8.05,1600036659
semporna,my,4.48,118.61,75.2,100,20,5.84,1600036660
waki,jp,34.07,134.15,71.6,82,75,3.36,1600036661
tahoua,ne,14.89,5.27,82.4,78,89,4.7,1600036662
kankan,gn,10.39,-9.31,73.78,91,95,2.53,1600036663
san cristobal,ec,7.77,-72.22,89.6,46,40,18.34,1600036601
biltine,td,14.53,20.92,81.16,64,100,4.72,1600036665
rindal,no,63.06,9.21,51.8,81,95,17.22,1600036667
prince rupert,ca,54.32,-130.32,55.4,93,40,4.7,1600036668
nagai,jp,38.1,140.03,66.99,97,97,0.58,1600036669
nemuro,jp,43.32,145.57,58.21,65,100,10.54,1600036670
cienfuegos,cu,22.15,-80.44,86.0,74,75,9.17,1600036671
sinnamary,gf,5.38,-52.95,80.22,84,3,9.93,1600036672
oussouye,sn,12.48,-16.55,80.6,88,20,6.93,1600036673
amurzet,ru,47.7,131.1,58.84,89,100,5.39,1600036675
mackenzie,ca,55.3,-123.17,51.8,66,40,6.93,1600036676
farah,af,32.5,62.5,55.33,37,0,3.53,1600036677
grand gaube,mu,-20.01,57.66,66.99,87,75,1.01,1600036678
laizhou,cn,37.18,119.93,66.76,81,98,2.98,1600036679
youghal,ie,51.95,-7.85,59.0,93,90,4.7,1600036680
auki,sb,-8.77,160.7,85.57,62,3,3.51,1600036681
kushmurun,kz,52.45,64.63,53.78,82,43,8.14,1600036683
idukki,in,9.85,76.97,66.96,95,99,2.62,1600036684
cochrane,ca,51.18,-114.47,59.0,62,20,5.82,1600036397
okha,ru,53.57,142.95,59.18,74,0,1.61,1600036686
buritis,br,-15.62,-46.42,75.69,35,39,5.08,1600036687
beringovskiy,ru,63.05,179.32,49.17,92,100,7.0,1600036688
angouleme,fr,45.65,0.15,73.99,46,0,3.36,1600036689
saint pete beach,us,27.73,-82.74,78.01,1,100,3.0,1600036690
port said,eg,31.26,32.28,80.6,78,0,6.93,1600036692
garowe,so,8.41,48.48,80.78,55,50,8.59,1600036693
dandong,cn,40.13,124.39,62.08,89,0,4.16,1600036694
mglin,ru,53.06,32.85,50.47,92,100,7.16,1600036695
puchezh,ru,56.98,43.17,52.45,84,100,15.43,1600036696
yumen,cn,40.28,97.2,42.35,55,0,2.13,1600036697
dapaong,tg,10.86,0.2,74.21,88,18,4.47,1600036699
bandarbeyla,so,9.49,50.81,81.1,67,54,19.19,1600036700
keti bandar,pk,24.14,67.45,83.8,83,22,12.44,1600036702
pacific grove,us,36.62,-121.92,66.99,82,90,6.93,1600036703
sao felix do xingu,br,-6.64,-51.99,82.17,23,0,2.17,1600036705
kununurra,au,-15.77,128.73,71.6,88,40,3.36,1600036706
sur,om,22.57,59.53,81.01,56,0,5.37,1600036708
kawhia,nz,-38.07,174.82,60.01,60,63,10.0,1600036709
byron bay,au,-28.65,153.62,64.99,88,8,2.24,1600036550
skibotn,no,69.39,20.27,44.6,87,20,6.93,1600036711
bethalto,us,38.91,-90.04,77.0,60,75,8.05,1600036713
scarborough,gb,54.28,-0.4,64.0,83,0,8.01,1600036714
kota tinggi,my,1.74,103.9,73.4,94,20,1.1,1600036716
kloulklubed,pw,7.04,134.26,78.8,88,90,6.93,1600037066
mecca,sa,21.43,39.83,86.79,35,1,3.44,1600037067
lieksa,fi,63.32,30.02,50.18,77,26,17.25,1600037070
shimoda,jp,34.67,138.95,68.0,96,31,1.01,1600037071
sucua,ec,-2.47,-78.17,78.8,54,40,2.24,1600037072
picton,ca,-34.18,150.6,62.01,86,10,1.01,1600037073
onega,ru,63.91,38.14,49.19,86,100,24.72,1600037074
lebyazhye,ru,55.27,66.49,48.49,90,98,6.31,1600037077
belyy yar,ru,53.6,91.39,37.4,100,32,2.24,1600037080
comodoro rivadavia,ar,-45.87,-67.5,59.0,43,0,10.29,1600037081
kyzyl-suu,kg,42.34,78.0,50.36,48,0,3.02,1600037082
prachuap khiri khan,th,11.82,99.78,77.81,85,43,4.76,1600037084
voh,nc,-20.97,164.7,75.97,62,14,5.86,1600037086
jumla,np,29.27,82.18,59.45,66,93,0.72,1600037087
brazzaville,cg,-4.27,15.28,77.0,73,40,2.24,1600037089
castrillon,es,43.4,-6.79,69.8,77,95,8.05,1600037090
acapulco,mx,16.86,-99.89,86.0,74,75,8.05,1600036869
arrecife,es,28.96,-13.55,73.4,83,20,6.93,1600037092
biak,id,-0.91,122.88,76.87,75,94,7.7,1600037093
abbeville,us,50.1,1.83,64.4,93,0,3.36,1600037059
tazovskiy,ru,67.47,78.7,43.43,94,81,2.28,1600037095
slave lake,ca,55.28,-114.77,53.6,76,75,4.7,1600037096
evensk,ru,61.95,159.23,48.09,58,100,22.28,1600037098
puerto escondido,mx,15.85,-97.07,84.2,62,75,8.05,1600036822
kampong chhnang,kh,12.17,104.55,78.44,84,100,2.17,1600037100
taguatinga,br,-12.39,-46.57,81.25,34,2,8.46,1600037101
mabaruma,gy,8.2,-59.78,78.93,80,2,5.66,1600037102
the valley,ai,18.22,-63.06,84.2,74,20,6.93,1600037103
trelew,ar,-43.25,-65.31,48.04,51,0,3.89,1600037106
benghazi,ly,32.12,20.07,81.57,47,0,15.52,1600037108
palana,ru,59.12,159.97,42.4,92,100,14.79,1600037109
dok kham tai,th,19.16,99.99,72.14,94,99,0.92,1600037110
kemijarvi,fi,66.71,27.43,40.44,94,54,3.96,1600037111
san lorenzo,ar,-25.33,-57.53,89.6,40,58,4.7,1600037113
asuncion,py,-25.3,-57.64,89.6,40,61,4.7,1600036822
oyotun,pe,-6.85,-79.3,72.97,55,13,6.4,1600037116
isangel,vu,-19.55,169.27,73.4,83,90,9.17,1600037117
ponta delgada,pt,37.73,-25.67,71.6,83,40,10.29,1600037118
novikovo,ru,51.15,37.89,60.67,41,100,9.01,1600037120
mahibadhoo,mv,3.78,72.97,81.59,77,100,10.13,1600037121
wakkanai,jp,45.41,141.67,59.18,71,100,19.19,1600036972
megion,ru,61.03,76.11,51.8,93,64,3.51,1600037123
nacala,mz,-14.54,40.67,70.63,95,25,5.1,1600037125
northam,au,51.03,-4.22,59.0,84,0,7.0,1600037126
miyako,jp,39.64,141.95,64.06,90,100,7.09,1600037128
muros,es,42.78,-9.06,68.0,70,96,1.01,1600037129
salalah,om,17.02,54.09,80.6,83,75,4.7,1600037130
medea,dz,36.26,2.75,71.6,88,20,2.24,1600037131
aviles,es,43.55,-5.92,73.0,77,52,8.05,1600037133
surt,ly,31.21,16.59,80.71,77,0,16.35,1600037134
villamontes,bo,-21.25,-63.5,90.45,30,81,10.29,1600037136
usinsk,ru,65.99,57.53,48.78,91,100,20.24,1600037137
kurilsk,ru,45.23,147.88,56.48,58,75,4.68,1600037138
si bun ruang,th,16.97,102.28,76.1,88,85,2.01,1600037140
kalat,pk,29.02,66.59,63.21,29,0,1.66,1600037141
ilinskoye-khovanskoye,ru,56.97,39.77,48.2,93,23,11.18,1600037142
makakilo city,us,21.35,-158.09,86.0,54,1,11.41,1600036963
port macquarie,au,-31.43,152.92,66.0,76,10,1.81,1600037042
los zacatones,mx,22.95,-102.05,73.4,49,40,12.75,1600037146
ulverstone,au,-41.15,146.17,57.99,46,59,10.0,1600037148
jutai,br,-5.18,-68.9,84.16,59,46,1.16,1600037149
muborak,uz,39.26,65.15,63.43,31,0,9.4,1600037150
ouadda,cf,8.08,22.4,69.67,91,100,1.61,1600037151
san rafael,ar,-34.62,-68.33,58.89,31,0,9.73,1600037153
namibe,ao,-15.2,12.15,61.18,86,39,5.61,1600037154
altay,cn,47.87,88.12,45.77,52,0,2.33,1600037155
aljezur,pt,37.32,-8.8,66.99,91,96,2.44,1600037156
riga,lv,57.0,24.08,57.2,87,20,6.93,1600037157
springbok,za,-29.66,17.89,39.06,93,2,4.0,1600037159
guilin,cn,25.28,110.29,75.2,83,90,4.47,1600037160
nardaran,az,40.56,50.01,66.2,88,0,4.7,1600037161
san buenaventura,hn,27.08,-101.53,91.0,48,75,19.89,1600037163
sabang,id,5.89,95.32,82.33,74,98,11.48,1600037164
coquimbo,cl,-29.95,-71.34,57.2,76,0,12.75,1600037165
tayshet,ru,55.93,98.0,41.94,97,99,5.7,1600037167
linjiang,cn,41.81,126.91,54.43,79,0,1.12,1600037168
kupang,id,-10.17,123.58,71.6,83,20,5.82,1600037169
rundu,na,-17.93,19.77,61.23,30,0,4.25,1600037170
male,mv,4.17,73.51,82.4,88,75,13.87,1600037106
birr,ie,53.09,-7.91,59.0,91,45,5.99,1600037174
batagay-alyta,ru,67.8,130.41,42.26,89,100,14.47,1600037175
dongning,cn,44.06,131.12,53.78,89,100,3.06,1600037176
mercedes,ar,-34.65,-59.43,60.01,20,10,8.01,1600037177
akdepe,tm,42.06,59.38,66.2,55,0,4.7,1600037178
abu dhabi,ae,24.47,54.37,91.4,63,52,5.82,1600037146
la ronge,ca,55.1,-105.28,53.6,62,90,3.36,1600037180
maarianhamina,fi,60.1,19.93,55.4,87,87,4.7,1600037182
port hedland,au,-20.32,118.57,71.6,49,37,5.82,1600037183
midrand,za,-25.96,28.14,61.0,41,0,4.7,1600037184
bria,cf,6.54,21.99,70.52,91,99,1.59,1600037185
san ramon,bo,37.78,-121.98,84.0,39,90,9.17,1600037186
wum,cm,6.38,10.07,65.28,99,100,0.96,1600037188
navoi,uz,40.08,65.38,55.4,37,0,6.93,1600037189
morehead,pg,37.27,-87.18,86.0,78,1,5.01,1600037190
arlit,ne,18.74,7.39,97.11,12,0,8.93,1600037191
massakory,td,13.0,15.73,78.46,64,80,2.37,1600037192
udayagiri,in,20.13,84.38,71.04,100,100,1.9,1600037193
faro,pt,37.02,-7.93,71.6,88,75,4.7,1600036897
xiongzhou,cn,25.12,114.3,72.01,85,78,2.28,1600037195
katherine,au,-14.47,132.27,71.6,46,26,4.7,1600037197
marsa matruh,eg,31.35,27.25,77.0,73,0,7.18,1600036950
si sa ket,th,15.11,104.33,82.99,83,74,1.14,1600037199
aleksandrov gay,ru,50.15,48.57,58.95,45,4,6.51,1600037200
columbus,us,39.96,-83.0,78.8,57,90,9.17,1600036974
san javier,bo,37.81,-0.84,77.0,73,70,8.05,1600037203
olyka,ua,50.72,25.81,57.0,98,100,5.77,1600037204
marzuq,ly,14.4,46.47,80.74,48,71,3.53,1600037206
aracuai,br,-16.85,-42.07,73.78,59,0,8.1,1600037208
takoradi,gh,4.88,-1.76,75.7,91,61,8.21,1600037209
blankenberge,be,51.31,3.13,57.99,93,0,4.7,1600037210
paysandu,uy,-32.32,-58.08,63.0,66,0,1.01,1600037212
thunder bay,ca,48.4,-89.32,62.6,45,75,14.99,1600037213
tiarei,pf,-17.53,-149.33,84.2,66,20,13.87,1600037215
petit goave,ht,18.43,-72.87,82.58,72,60,1.34,1600037216
abalak,ne,58.13,68.59,44.1,97,89,1.34,1600037217
ron phibun,th,8.18,99.85,75.47,91,100,2.73,1600037218
grindavik,is,63.84,-22.43,44.6,87,75,12.75,1600037220
talcahuano,cl,-36.72,-73.12,57.2,67,0,14.99,1600037221
payson,us,40.04,-111.73,89.01,13,1,5.82,1600036979
hervey bay,au,-25.3,152.85,71.01,84,7,4.0,1600037223
narsaq,gl,60.92,-46.05,39.2,44,0,1.12,1600037224
amod,in,21.98,72.9,81.39,82,100,11.27,1600037225
catuday,ph,16.29,119.81,80.82,82,50,2.93,1600037226
hualmay,pe,-11.1,-77.61,62.37,80,22,10.4,1600037227
tabuk,sa,17.42,121.44,77.83,83,14,0.22,1600037042
inirida,co,3.87,-67.92,81.1,71,95,0.74,1600037230
worland,us,44.02,-107.96,88.0,10,1,4.7,1600036985
mackay,au,-21.15,149.2,71.01,88,40,11.41,1600037232
kasongo-lunda,cd,-6.47,16.82,81.88,42,70,2.44,1600037233
linqiong,cn,30.42,103.46,68.0,100,40,2.24,1600037234
kirakira,sb,-10.45,161.92,85.15,65,5,7.65,1600037236
toamasina,mg,-18.17,49.38,69.8,94,75,4.7,1600037237
andros,gr,37.83,24.93,77.0,62,0,10.0,1600037240
pierre,us,44.37,-100.35,78.8,41,1,14.99,1600037134
murindo,co,6.98,-76.75,76.71,93,100,4.99,1600037242
samara,ru,53.0,50.0,53.6,66,51,8.95,1600037243
marsabit,ke,2.33,37.99,63.64,89,28,23.78,1600037245
owando,cg,-0.48,15.9,72.37,94,100,2.08,1600037246
omboue,ga,-1.57,9.26,75.22,83,96,8.81,1600037247
safaga,eg,26.73,33.94,91.4,21,0,12.75,1600037249
tungor,ru,53.38,142.96,60.08,76,0,1.79,1600037250
champerico,gt,14.3,-91.92,69.01,96,47,7.9,1600037251
puri,in,19.8,85.85,82.4,94,20,3.36,1600036986
gao,ml,16.64,1.64,90.25,33,63,4.97,1600037253
gamba,ga,-2.65,10.0,74.89,85,100,7.18,1600037255
tshikapa,cd,-6.42,20.8,84.09,34,91,3.0,1600037256
gabu,gw,12.28,-14.22,76.33,95,67,1.39,1600037258
tansen,np,27.87,83.55,63.73,100,80,2.33,1600037259
saint-augustin,ca,51.23,-58.65,55.04,84,99,18.43,1600037260
raudeberg,no,61.99,5.14,52.0,94,87,12.15,1600037261
fuerte olimpo,py,-21.04,-57.87,89.51,18,11,4.52,1600037262
boyolangu,id,-8.12,111.89,72.43,88,69,4.9,1600037263
iskateley,ru,67.68,53.15,48.51,93,100,13.73,1600037265
road town,vg,18.42,-64.62,84.0,84,91,1.01,1600037180
strathmore,ca,51.05,-113.39,62.01,51,90,8.05,1600037268
puerto madryn,ar,-42.77,-65.04,49.78,50,0,6.06,1600037264
puerto del rosario,es,28.5,-13.86,73.4,88,68,11.41,1600037270
tilichiki,ru,60.47,166.1,47.41,77,96,14.09,1600037271
halifax,ca,44.65,-63.57,64.0,91,58,4.0,1600037103
lososina,ru,49.0,140.31,61.3,60,11,3.89,1600037273
avinurme,ee,58.98,26.86,55.0,90,23,5.99,1600037274
guerrero negro,mx,27.98,-114.06,86.88,33,0,13.22,1600037276
morant bay,jm,17.88,-76.41,86.0,70,20,11.41,1600037277
boende,cd,-0.22,20.87,70.97,96,66,2.46,1600037278
tiksi,ru,71.69,128.87,43.23,84,20,2.55,1600037279
buala,sb,-8.14,159.59,84.43,71,50,9.15,1600037280
luderitz,na,-26.65,15.16,55.44,66,0,23.67,1600037281
amahai,id,-3.33,128.92,78.48,83,91,5.32,1600037282
moreira sales,br,-24.06,-53.01,77.72,33,77,6.82,1600037283
les cayes,ht,18.2,-73.75,80.69,76,68,4.56,1600037285
novyy urengoy,ru,66.08,76.63,46.62,91,85,7.27,1600037287
